rl_state,best_action,state_value
P0_B0_R0_G0_O0,no_action,8.485562773912429
P0_B0_R0_G1_O0,perfusion_rescue,9.020984039797295
P0_B0_R0_G1_O1,mild_temp_shift,9.191951977149213
P0_B0_R0_G2_O0,no_action,9.326528820505745
P0_B0_R0_G3_O0,perfusion_rescue,9.43856272497645
P0_B0_R0_G3_O1,mild_temp_shift,9.190207504981586
P0_B0_R0_G3_O2,stress_mitigation,0.280838410173069
P0_B0_R1_G0_O0,perfusion_rescue,8.637879745300383
P0_B0_R1_G0_O1,no_action,8.354980392539487
P0_B0_R1_G1_O0,perfusion_rescue,8.948759390391471
P0_B0_R1_G1_O1,stress_mitigation,9.375900077349932
P0_B0_R1_G2_O0,perfusion_rescue,9.208350503435607
P0_B0_R1_G2_O1,no_action,9.152232749772699
P0_B0_R1_G3_O0,perfusion_rescue,9.330337808507533
P0_B0_R1_G3_O1,perfusion_rescue,9.282012981444318
P0_B0_R1_G3_O2,mild_temp_shift,9.009740945461642
P0_B0_R2_G0_O0,perfusion_rescue,8.027189181471472
P0_B0_R2_G1_O0,perfusion_rescue,8.886065265291954
P0_B0_R2_G2_O0,perfusion_rescue,8.468694232343472
P0_B0_R2_G2_O1,mild_temp_shift,9.06829234202613
P0_B0_R2_G3_O1,no_action,8.488411017089364
P0_B0_R3_G0_O0,perfusion_rescue,7.702456009522682
P0_B0_R3_G1_O0,perfusion_rescue,8.322986797430286
P0_B0_R3_G2_O0,perfusion_rescue,7.969089378581942
P0_B1_R0_G0_O0,no_action,8.648406626655419
P0_B1_R0_G0_O1,adaptive_feed,8.410757646145635
P0_B1_R0_G1_O1,mild_temp_shift,8.754160155487028
P0_B1_R0_G1_O2,no_action,0.0
P0_B1_R0_G2_O0,no_action,9.222771543352323
P0_B1_R0_G2_O1,mild_temp_shift,9.022561356708302
P0_B1_R0_G3_O1,mild_temp_shift,9.11049422505735
P0_B1_R1_G0_O0,mild_temp_shift,8.850339581741984
P0_B1_R1_G0_O1,mild_temp_shift,8.554189482098641
P0_B1_R1_G0_O2,mild_temp_shift,1.4909367830925624
P0_B1_R1_G0_O3,mild_temp_shift,1.4728302105578057
P0_B1_R1_G1_O0,stress_mitigation,9.18947500852163
P0_B1_R1_G1_O1,perfusion_rescue,9.086476905551567
P0_B1_R1_G1_O2,no_action,8.552381904618688
P0_B1_R1_G1_O3,no_action,8.482660812398748
P0_B1_R1_G2_O0,stress_mitigation,9.070419101628886
P0_B1_R1_G2_O1,stress_mitigation,9.012718307468814
P0_B1_R1_G2_O2,stress_mitigation,6.137560680988624
P0_B1_R1_G3_O0,perfusion_rescue,9.12765408234274
P0_B1_R1_G3_O1,adaptive_feed,9.133548263714857
P0_B1_R1_G3_O2,perfusion_rescue,8.901238249361835
P0_B1_R2_G0_O0,mild_temp_shift,8.47427144849868
P0_B1_R2_G0_O1,adaptive_feed,8.337513269442422
P0_B1_R2_G0_O2,no_action,7.856498277773421
P0_B1_R2_G1_O0,perfusion_rescue,8.746093215367976
P0_B1_R2_G1_O1,mild_temp_shift,8.52580489344743
P0_B1_R2_G1_O2,mild_temp_shift,8.094219035913186
P0_B1_R2_G2_O0,stress_mitigation,9.11244625210478
P0_B1_R2_G2_O1,mild_temp_shift,8.849400185982043
P0_B1_R2_G2_O2,mild_temp_shift,8.664820399461442
P0_B1_R2_G3_O0,adaptive_feed,8.993429197214937
P0_B1_R2_G3_O1,adaptive_feed,9.384221313352322
P0_B1_R2_G3_O2,stress_mitigation,9.047019374946231
P0_B1_R3_G0_O0,perfusion_rescue,7.403385632160952
P0_B1_R3_G0_O1,stress_mitigation,7.915369198685763
P0_B1_R3_G0_O2,perfusion_rescue,7.437005795299035
P0_B1_R3_G1_O0,perfusion_rescue,7.63172298034677
P0_B1_R3_G1_O1,mild_temp_shift,8.423260485986047
P0_B1_R3_G1_O2,no_action,0.33885291063570244
P0_B1_R3_G2_O0,perfusion_rescue,7.8992845664412545
P0_B1_R3_G2_O1,stress_mitigation,8.155916656286923
P0_B1_R3_G2_O2,no_action,2.7615923678982117
P0_B1_R3_G3_O2,mild_temp_shift,8.54431494916372
P0_B2_R0_G3_O1,stress_mitigation,8.856550774655425
P0_B2_R0_G3_O2,stress_mitigation,9.151868570379989
P0_B2_R1_G0_O1,mild_temp_shift,8.47210152280608
P0_B2_R1_G0_O2,perfusion_rescue,8.117102502143197
P0_B2_R1_G0_O3,stress_mitigation,7.278073951398279
P0_B2_R1_G1_O1,stress_mitigation,8.964498124115707
P0_B2_R1_G1_O2,mild_temp_shift,8.258936205119449
P0_B2_R1_G1_O3,perfusion_rescue,8.517441112360938
P0_B2_R1_G2_O1,no_action,8.486713370017451
P0_B2_R1_G2_O2,stress_mitigation,8.474464138987155
P0_B2_R1_G3_O0,no_action,8.700589282556406
P0_B2_R1_G3_O1,no_action,9.000281232895508
P0_B2_R1_G3_O2,no_action,8.776664076607023
P0_B2_R1_G3_O3,stress_mitigation,8.303135750122472
P0_B2_R2_G0_O1,no_action,7.784653153044648
P0_B2_R2_G0_O2,adaptive_feed,7.8486530423103655
P0_B2_R2_G0_O3,no_action,7.692465016895262
P0_B2_R2_G1_O0,perfusion_rescue,8.502865040214674
P0_B2_R2_G1_O1,perfusion_rescue,8.340692353895163
P0_B2_R2_G1_O2,perfusion_rescue,8.236027383031622
P0_B2_R2_G1_O3,no_action,7.575860484385766
P0_B2_R2_G2_O0,no_action,8.666037558370288
P0_B2_R2_G2_O1,mild_temp_shift,8.707037743707058
P0_B2_R2_G2_O2,mild_temp_shift,8.584137861259979
P0_B2_R2_G2_O3,stress_mitigation,8.23075495480785
P0_B2_R2_G3_O1,no_action,8.908554758036114
P0_B2_R2_G3_O2,perfusion_rescue,8.90320264561307
P0_B2_R2_G3_O3,mild_temp_shift,8.502684855344759
P0_B2_R3_G0_O1,adaptive_feed,7.64152455301224
P0_B2_R3_G0_O2,stress_mitigation,7.512420552242037
P0_B2_R3_G0_O3,stress_mitigation,6.957498374898273
P0_B2_R3_G1_O0,perfusion_rescue,8.462232423428082
P0_B2_R3_G1_O1,mild_temp_shift,7.942911667624607
P0_B2_R3_G1_O2,perfusion_rescue,7.707878953923419
P0_B2_R3_G1_O3,stress_mitigation,6.958670577440467
P0_B2_R3_G2_O0,perfusion_rescue,8.784713378514072
P0_B2_R3_G2_O1,stress_mitigation,8.065940799552237
P0_B2_R3_G2_O2,mild_temp_shift,8.058913657501385
P0_B2_R3_G2_O3,mild_temp_shift,7.687784305310933
P0_B2_R3_G3_O1,mild_temp_shift,7.801149521426156
P0_B2_R3_G3_O2,perfusion_rescue,8.52609098657598
P0_B2_R3_G3_O3,no_action,8.197081379718735
P0_B3_R1_G0_O2,no_action,7.5807223521482605
P0_B3_R1_G1_O2,no_action,8.02007756628741
P0_B3_R1_G1_O3,stress_mitigation,8.119366980036315
P0_B3_R1_G2_O2,no_action,8.137652198815264
P0_B3_R2_G0_O1,mild_temp_shift,7.5260018300763445
P0_B3_R2_G0_O2,stress_mitigation,7.759756919105669
P0_B3_R2_G0_O3,adaptive_feed,7.406552768119861
P0_B3_R2_G1_O1,mild_temp_shift,7.843660139412868
P0_B3_R2_G1_O2,perfusion_rescue,8.025862359847654
P0_B3_R2_G1_O3,stress_mitigation,7.715796461329011
P0_B3_R2_G2_O1,no_action,8.075553721566651
P0_B3_R2_G2_O2,stress_mitigation,8.034393621121
P0_B3_R2_G2_O3,adaptive_feed,7.200921025632214
P0_B3_R2_G3_O1,mild_temp_shift,7.78569362844803
P0_B3_R2_G3_O2,no_action,7.933964035665603
P0_B3_R2_G3_O3,mild_temp_shift,7.975588670024194
P0_B3_R3_G0_O2,perfusion_rescue,7.180264140734407
P0_B3_R3_G0_O3,perfusion_rescue,6.752602848058771
P0_B3_R3_G1_O1,stress_mitigation,7.60082601610951
P0_B3_R3_G1_O2,stress_mitigation,7.289279381188038
P0_B3_R3_G1_O3,perfusion_rescue,7.2492346759771165
P0_B3_R3_G2_O1,perfusion_rescue,7.68819876068879
P0_B3_R3_G2_O2,perfusion_rescue,7.695707166055794
P0_B3_R3_G2_O3,perfusion_rescue,7.033696037348924
P0_B3_R3_G3_O1,mild_temp_shift,8.127202442857328
P0_B3_R3_G3_O2,no_action,7.8261279387899965
P0_B3_R3_G3_O3,no_action,7.790777636737859
P1_B0_R0_G0_O0,adaptive_feed,8.74932024385778
P1_B0_R0_G0_O1,stress_mitigation,8.827572894347247
P1_B0_R0_G1_O0,mild_temp_shift,9.379688503726921
P1_B0_R0_G1_O1,mild_temp_shift,9.048411085879723
P1_B0_R0_G2_O0,adaptive_feed,9.588086280043386
P1_B0_R0_G2_O1,stress_mitigation,9.379248666266296
P1_B0_R0_G3_O0,adaptive_feed,9.609052183318793
P1_B0_R0_G3_O1,stress_mitigation,9.447548822163421
P1_B0_R0_G3_O2,no_action,0.0
P1_B0_R1_G0_O0,stress_mitigation,9.07672647432993
P1_B0_R1_G0_O1,mild_temp_shift,9.037060552044851
P1_B0_R1_G1_O0,adaptive_feed,9.392345749399635
P1_B0_R1_G1_O1,perfusion_rescue,9.159540272681799
P1_B0_R1_G2_O0,stress_mitigation,9.416073966074293
P1_B0_R1_G2_O1,no_action,9.416750919358885
P1_B0_R1_G3_O0,adaptive_feed,9.443164488297036
P1_B0_R1_G3_O1,stress_mitigation,9.593915887479229
P1_B0_R2_G0_O0,perfusion_rescue,8.137631443581897
P1_B0_R2_G0_O1,mild_temp_shift,8.367026327349363
P1_B0_R2_G1_O0,perfusion_rescue,8.79185895615767
P1_B0_R2_G2_O0,perfusion_rescue,8.772642613662134
P1_B0_R2_G3_O0,perfusion_rescue,9.205532859360593
P1_B0_R3_G0_O0,perfusion_rescue,7.7886678111012735
P1_B0_R3_G2_O1,no_action,1.6190714163064532
P1_B1_R0_G0_O0,mild_temp_shift,8.903732665588969
P1_B1_R0_G0_O1,perfusion_rescue,8.547127341912775
P1_B1_R0_G0_O2,stress_mitigation,8.773110745170563
P1_B1_R0_G1_O0,stress_mitigation,9.301290643337811
P1_B1_R0_G1_O1,stress_mitigation,8.976498829201672
P1_B1_R0_G1_O2,mild_temp_shift,0.21135982732577838
P1_B1_R0_G2_O0,adaptive_feed,9.450135307203942
P1_B1_R0_G2_O1,stress_mitigation,9.295595233584109
P1_B1_R0_G2_O2,mild_temp_shift,6.164574972330164
P1_B1_R0_G3_O0,no_action,9.494665476536163
P1_B1_R0_G3_O1,stress_mitigation,9.594636328377506
P1_B1_R0_G3_O2,no_action,0.0
P1_B1_R1_G0_O0,mild_temp_shift,9.056221838319127
P1_B1_R1_G0_O1,perfusion_rescue,8.573634781032917
P1_B1_R1_G0_O2,no_action,8.188033036164459
P1_B1_R1_G0_O3,no_action,0.0
P1_B1_R1_G1_O0,adaptive_feed,9.382541901700021
P1_B1_R1_G1_O1,perfusion_rescue,9.016624348694666
P1_B1_R1_G1_O2,stress_mitigation,8.827361218026201
P1_B1_R1_G1_O3,adaptive_feed,7.279347982633343
P1_B1_R1_G2_O0,mild_temp_shift,9.223940644797455
P1_B1_R1_G2_O1,adaptive_feed,9.21161089289131
P1_B1_R1_G2_O2,stress_mitigation,9.100385762622185
P1_B1_R1_G3_O0,adaptive_feed,9.355010548114851
P1_B1_R1_G3_O1,adaptive_feed,9.351003267989325
P1_B1_R1_G3_O2,stress_mitigation,9.06270021999207
P1_B1_R2_G0_O0,no_action,8.406446998821508
P1_B1_R2_G0_O1,perfusion_rescue,8.69812884349438
P1_B1_R2_G0_O2,perfusion_rescue,8.259375622980121
P1_B1_R2_G1_O0,perfusion_rescue,8.523908208851042
P1_B1_R2_G1_O1,perfusion_rescue,8.680295455665028
P1_B1_R2_G1_O2,adaptive_feed,7.552171854108773
P1_B1_R2_G2_O0,perfusion_rescue,9.206648551343916
P1_B1_R2_G2_O1,perfusion_rescue,8.9579768732728
P1_B1_R2_G2_O2,mild_temp_shift,8.799774608162927
P1_B1_R2_G3_O0,perfusion_rescue,9.225805331720393
P1_B1_R2_G3_O1,adaptive_feed,9.299158762338392
P1_B1_R2_G3_O2,mild_temp_shift,8.796224646090566
P1_B1_R3_G0_O0,no_action,7.631466193645614
P1_B1_R3_G0_O1,perfusion_rescue,8.042838181677027
P1_B1_R3_G1_O0,perfusion_rescue,7.7615043613798065
P1_B1_R3_G1_O1,perfusion_rescue,7.951701805789763
P1_B1_R3_G2_O1,no_action,5.641692627012925
P1_B1_R3_G2_O2,no_action,5.38926825664818
P1_B1_R3_G3_O1,no_action,0.0
P1_B2_R0_G0_O0,adaptive_feed,7.85230874481892
P1_B2_R0_G2_O0,no_action,9.254149266403813
P1_B2_R0_G2_O1,stress_mitigation,9.271011183389119
P1_B2_R0_G2_O2,stress_mitigation,6.0264730608947525
P1_B2_R0_G3_O2,mild_temp_shift,9.391311564559828
P1_B2_R1_G0_O0,perfusion_rescue,8.428219626622838
P1_B2_R1_G0_O1,stress_mitigation,8.463859341145731
P1_B2_R1_G0_O2,perfusion_rescue,8.197002573852519
P1_B2_R1_G0_O3,mild_temp_shift,7.625956117186359
P1_B2_R1_G1_O1,perfusion_rescue,8.916358845393058
P1_B2_R1_G1_O2,stress_mitigation,8.456796629790244
P1_B2_R1_G1_O3,stress_mitigation,8.14971152727131
P1_B2_R1_G2_O1,adaptive_feed,8.9136262113704
P1_B2_R1_G2_O2,no_action,8.736168134045034
P1_B2_R1_G3_O0,no_action,9.001346812381222
P1_B2_R1_G3_O1,mild_temp_shift,8.998080297908515
P1_B2_R1_G3_O2,stress_mitigation,8.902657859012487
P1_B2_R1_G3_O3,adaptive_feed,5.952432016180538
P1_B2_R2_G0_O1,perfusion_rescue,8.28877062114838
P1_B2_R2_G0_O2,perfusion_rescue,8.045495801226968
P1_B2_R2_G0_O3,perfusion_rescue,7.73291641258758
P1_B2_R2_G1_O1,perfusion_rescue,8.359514306121799
P1_B2_R2_G1_O2,mild_temp_shift,8.165579452399587
P1_B2_R2_G1_O3,adaptive_feed,7.49522445017888
P1_B2_R2_G2_O0,perfusion_rescue,9.095368092021548
P1_B2_R2_G2_O1,adaptive_feed,8.576466138113163
P1_B2_R2_G2_O2,perfusion_rescue,8.720606210632234
P1_B2_R2_G2_O3,stress_mitigation,8.367690892465495
P1_B2_R2_G3_O1,perfusion_rescue,8.994960037142654
P1_B2_R2_G3_O2,no_action,8.62932401169694
P1_B2_R2_G3_O3,adaptive_feed,5.854901523831357
P1_B2_R3_G0_O1,mild_temp_shift,7.898914791163191
P1_B2_R3_G0_O2,mild_temp_shift,7.692310477444465
P1_B2_R3_G0_O3,stress_mitigation,7.310566509106739
P1_B2_R3_G1_O1,stress_mitigation,7.883318282850521
P1_B2_R3_G1_O2,no_action,7.302653367968958
P1_B2_R3_G1_O3,adaptive_feed,7.039503974626015
P1_B2_R3_G2_O1,stress_mitigation,8.65543405686795
P1_B2_R3_G2_O2,stress_mitigation,8.246274992267042
P1_B2_R3_G2_O3,adaptive_feed,6.873524881862834
P1_B2_R3_G3_O1,mild_temp_shift,8.5276215088096
P1_B2_R3_G3_O2,no_action,7.64915570368466
P1_B2_R3_G3_O3,adaptive_feed,5.416628695173208
P1_B3_R1_G0_O2,no_action,7.566078136271183
P1_B3_R1_G0_O3,stress_mitigation,7.778711256557523
P1_B3_R1_G1_O1,no_action,7.826999146375774
P1_B3_R1_G1_O2,stress_mitigation,8.346749267763043
P1_B3_R1_G1_O3,stress_mitigation,7.660517987984201
P1_B3_R1_G2_O2,no_action,7.899771039498767
P1_B3_R1_G2_O3,adaptive_feed,6.140681127992666
P1_B3_R2_G0_O1,perfusion_rescue,7.936200173412027
P1_B3_R2_G0_O2,perfusion_rescue,7.831354340570586
P1_B3_R2_G0_O3,stress_mitigation,7.018784534058155
P1_B3_R2_G1_O1,no_action,8.019797575839926
P1_B3_R2_G1_O2,no_action,7.749382584925675
P1_B3_R2_G1_O3,no_action,7.045248778705923
P1_B3_R2_G2_O1,no_action,8.079661093153424
P1_B3_R2_G2_O2,perfusion_rescue,8.15548273459719
P1_B3_R2_G2_O3,stress_mitigation,6.944657068127
P1_B3_R2_G3_O1,no_action,7.8895557901967805
P1_B3_R2_G3_O2,no_action,7.911384633392724
P1_B3_R2_G3_O3,no_action,8.255209375620087
P1_B3_R3_G0_O1,no_action,6.537463909610551
P1_B3_R3_G0_O2,perfusion_rescue,7.196625258013565
P1_B3_R3_G0_O3,perfusion_rescue,6.710590779524215
P1_B3_R3_G1_O1,perfusion_rescue,7.525613856651457
P1_B3_R3_G1_O2,stress_mitigation,7.523107413731285
P1_B3_R3_G1_O3,perfusion_rescue,7.027007336680678
P1_B3_R3_G2_O2,stress_mitigation,7.432098783043708
P1_B3_R3_G2_O3,no_action,6.843293174483274
P1_B3_R3_G3_O3,adaptive_feed,5.600416530478617
P2_B0_R0_G0_O0,stress_mitigation,9.013283323159964
P2_B0_R0_G0_O1,perfusion_rescue,8.971508592835422
P2_B0_R0_G1_O0,mild_temp_shift,9.321099304308545
P2_B0_R0_G1_O1,perfusion_rescue,9.114339241634863
P2_B0_R0_G2_O0,adaptive_feed,9.663224928858906
P2_B0_R0_G2_O1,stress_mitigation,9.55716395905904
P2_B0_R0_G3_O0,adaptive_feed,9.771486368659508
P2_B0_R0_G3_O1,stress_mitigation,9.770214381556048
P2_B0_R1_G0_O0,perfusion_rescue,8.765693855932135
P2_B0_R1_G0_O1,no_action,8.895044205939211
P2_B0_R1_G0_O2,adaptive_feed,6.364623218648564
P2_B0_R1_G1_O0,mild_temp_shift,9.306624567322519
P2_B0_R1_G1_O1,no_action,9.485693855799292
P2_B0_R1_G2_O0,adaptive_feed,9.572967738318061
P2_B0_R1_G2_O1,no_action,9.500224483567054
P2_B0_R1_G2_O2,adaptive_feed,7.687448861198739
P2_B0_R1_G2_O3,adaptive_feed,8.103853907444854
P2_B0_R1_G3_O0,mild_temp_shift,9.621533904088167
P2_B0_R1_G3_O1,adaptive_feed,9.924090916657759
P2_B0_R2_G0_O0,perfusion_rescue,8.489036876111616
P2_B0_R2_G0_O1,mild_temp_shift,8.725755763584456
P2_B0_R2_G1_O0,perfusion_rescue,8.257680168039894
P2_B0_R2_G1_O1,no_action,8.447404350138726
P2_B0_R2_G3_O0,perfusion_rescue,9.467454578893138
P2_B0_R3_G1_O0,perfusion_rescue,7.999179161833331
P2_B1_R0_G0_O0,stress_mitigation,8.915519175563059
P2_B1_R0_G0_O1,stress_mitigation,8.697787622714218
P2_B1_R0_G0_O2,stress_mitigation,2.412550366805824
P2_B1_R0_G0_O3,adaptive_feed,8.266863179229363
P2_B1_R0_G1_O0,perfusion_rescue,9.151099369595878
P2_B1_R0_G1_O1,stress_mitigation,9.334733980411972
P2_B1_R0_G1_O2,stress_mitigation,9.189772493350596
P2_B1_R0_G1_O3,adaptive_feed,8.309206482206646
P2_B1_R0_G2_O0,no_action,9.511170402597346
P2_B1_R0_G2_O1,mild_temp_shift,9.586165331773607
P2_B1_R0_G2_O2,stress_mitigation,9.571529328755073
P2_B1_R0_G3_O0,no_action,9.657035226898621
P2_B1_R0_G3_O1,adaptive_feed,9.847517662790663
P2_B1_R0_G3_O2,stress_mitigation,9.632544282047649
P2_B1_R1_G0_O0,stress_mitigation,8.65189558506857
P2_B1_R1_G0_O1,stress_mitigation,8.522976693495332
P2_B1_R1_G0_O2,no_action,8.179538659631415
P2_B1_R1_G1_O1,mild_temp_shift,9.210361587562545
P2_B1_R1_G1_O2,no_action,8.924061026883834
P2_B1_R1_G1_O3,adaptive_feed,7.690819348232159
P2_B1_R1_G2_O0,perfusion_rescue,9.350308900665652
P2_B1_R1_G2_O1,perfusion_rescue,9.43520346934002
P2_B1_R1_G2_O2,stress_mitigation,9.2404269322423
P2_B1_R1_G2_O3,adaptive_feed,7.40177981179689
P2_B1_R1_G3_O0,perfusion_rescue,9.556400198838787
P2_B1_R1_G3_O1,mild_temp_shift,9.592405837042216
P2_B1_R1_G3_O2,no_action,9.260330284432818
P2_B1_R1_G3_O3,adaptive_feed,6.7847534369677485
P2_B1_R2_G0_O0,perfusion_rescue,8.40714488665409
P2_B1_R2_G0_O1,perfusion_rescue,8.338945732171753
P2_B1_R2_G0_O2,perfusion_rescue,8.434630980729857
P2_B1_R2_G0_O3,no_action,7.274929775183421
P2_B1_R2_G1_O1,perfusion_rescue,8.772652134089672
P2_B1_R2_G1_O2,no_action,7.396505448757126
P2_B1_R2_G1_O3,adaptive_feed,5.881380011553192
P2_B1_R2_G2_O0,adaptive_feed,9.160333204412744
P2_B1_R2_G2_O1,mild_temp_shift,9.117211871469232
P2_B1_R2_G2_O2,no_action,8.810364200596911
P2_B1_R2_G2_O3,adaptive_feed,6.850633261167054
P2_B1_R2_G3_O0,perfusion_rescue,9.296461503531205
P2_B1_R2_G3_O1,mild_temp_shift,9.720049525469285
P2_B1_R2_G3_O2,no_action,8.791360323288487
P2_B1_R2_G3_O3,adaptive_feed,0.2420202171342777
P2_B1_R3_G0_O2,adaptive_feed,2.677897481458632
P2_B1_R3_G1_O0,perfusion_rescue,7.709895080629988
P2_B1_R3_G1_O1,no_action,0.0
P2_B1_R3_G1_O2,adaptive_feed,6.204498193289956
P2_B1_R3_G2_O1,no_action,5.481493915246793
P2_B1_R3_G2_O2,adaptive_feed,7.4822192770573235
P2_B1_R3_G3_O1,no_action,0.0
P2_B1_R3_G3_O2,no_action,8.031224242071083
P2_B2_R0_G0_O0,adaptive_feed,8.249969027565719
P2_B2_R0_G0_O2,stress_mitigation,5.529752775655134
P2_B2_R0_G1_O1,stress_mitigation,8.956060877483507
P2_B2_R0_G1_O2,mild_temp_shift,8.841046869494944
P2_B2_R0_G2_O1,mild_temp_shift,9.29562062910446
P2_B2_R0_G2_O2,stress_mitigation,9.160717331691092
P2_B2_R0_G3_O1,stress_mitigation,9.505131161826448
P2_B2_R0_G3_O2,mild_temp_shift,9.02325806647889
P2_B2_R1_G0_O1,no_action,7.824149190081033
P2_B2_R1_G0_O2,no_action,7.398498272146943
P2_B2_R1_G0_O3,mild_temp_shift,7.782103866818357
P2_B2_R1_G1_O1,stress_mitigation,8.547856089363087
P2_B2_R1_G1_O2,perfusion_rescue,8.827091387814605
P2_B2_R1_G1_O3,mild_temp_shift,8.520689609953967
P2_B2_R1_G2_O1,stress_mitigation,9.171900157256351
P2_B2_R1_G2_O2,no_action,8.83262561583232
P2_B2_R1_G2_O3,adaptive_feed,7.399955974705825
P2_B2_R1_G3_O1,mild_temp_shift,9.539861027445216
P2_B2_R1_G3_O2,no_action,8.911306895097724
P2_B2_R2_G0_O0,perfusion_rescue,8.134926070483859
P2_B2_R2_G0_O1,perfusion_rescue,8.198742383372085
P2_B2_R2_G0_O2,stress_mitigation,7.847368781829332
P2_B2_R2_G0_O3,perfusion_rescue,7.502726812825981
P2_B2_R2_G1_O1,no_action,8.306051864192355
P2_B2_R2_G1_O2,perfusion_rescue,8.73404783583434
P2_B2_R2_G1_O3,mild_temp_shift,8.18801422952518
P2_B2_R2_G2_O0,no_action,8.849511554127703
P2_B2_R2_G2_O1,adaptive_feed,8.76349722296144
P2_B2_R2_G2_O2,no_action,8.638930265201145
P2_B2_R2_G2_O3,stress_mitigation,7.1601936760441225
P2_B2_R2_G3_O1,adaptive_feed,7.492702289671294
P2_B2_R2_G3_O2,stress_mitigation,8.86826471444743
P2_B2_R2_G3_O3,perfusion_rescue,6.455467720512855
P2_B2_R3_G0_O1,perfusion_rescue,7.44248932965961
P2_B2_R3_G0_O2,mild_temp_shift,7.46180293277925
P2_B2_R3_G0_O3,mild_temp_shift,7.0421117727555105
P2_B2_R3_G1_O1,adaptive_feed,6.480460728177115
P2_B2_R3_G1_O2,perfusion_rescue,8.369607588604522
P2_B2_R3_G1_O3,perfusion_rescue,7.512067286265558
P2_B2_R3_G2_O2,stress_mitigation,7.93830164805287
P2_B2_R3_G2_O3,perfusion_rescue,7.973605490040796
P2_B2_R3_G3_O2,no_action,7.728186075721327
P2_B2_R3_G3_O3,adaptive_feed,5.6894171151486095
P2_B3_R1_G0_O2,no_action,7.20077372251221
P2_B3_R1_G0_O3,perfusion_rescue,7.355779352866544
P2_B3_R1_G1_O1,no_action,8.197284418309243
P2_B3_R1_G1_O2,adaptive_feed,7.090905789992574
P2_B3_R1_G1_O3,adaptive_feed,6.849442355916899
P2_B3_R1_G2_O1,adaptive_feed,8.547828223013738
P2_B3_R1_G2_O2,mild_temp_shift,8.121071464420316
P2_B3_R1_G2_O3,adaptive_feed,6.891488789878863
P2_B3_R2_G0_O1,perfusion_rescue,7.629191931157383
P2_B3_R2_G0_O2,perfusion_rescue,7.523166086307614
P2_B3_R2_G0_O3,perfusion_rescue,7.3057895965564565
P2_B3_R2_G1_O2,no_action,7.569055471103677
P2_B3_R2_G1_O3,perfusion_rescue,7.24553077764363
P2_B3_R2_G2_O1,stress_mitigation,8.295901086762306
P2_B3_R2_G2_O2,no_action,7.7297805839720475
P2_B3_R2_G2_O3,perfusion_rescue,6.861424102575261
P2_B3_R2_G3_O1,adaptive_feed,6.9677569892418365
P2_B3_R2_G3_O2,adaptive_feed,6.525806016395876
P2_B3_R2_G3_O3,adaptive_feed,6.308437533577418
P2_B3_R3_G0_O1,no_action,6.645831393178757
P2_B3_R3_G0_O2,no_action,6.949810741540321
P2_B3_R3_G0_O3,perfusion_rescue,6.899869752939489
P2_B3_R3_G1_O2,no_action,6.807384910814622
P2_B3_R3_G1_O3,perfusion_rescue,6.928329454226194
P2_B3_R3_G2_O2,stress_mitigation,7.198074341579684
P2_B3_R3_G2_O3,perfusion_rescue,7.682832706581127
P2_B3_R3_G3_O3,adaptive_feed,5.965968257439433
P3_B0_R0_G0_O0,mild_temp_shift,9.364057621681624
P3_B0_R0_G0_O1,adaptive_feed,9.148024260913363
P3_B0_R0_G0_O2,adaptive_feed,7.286228186118222
P3_B0_R0_G0_O3,adaptive_feed,7.683592509912925
P3_B0_R0_G1_O0,mild_temp_shift,9.59505328837197
P3_B0_R0_G1_O1,no_action,9.60680888408328
P3_B0_R0_G1_O2,no_action,9.184214634762228
P3_B0_R0_G2_O0,mild_temp_shift,9.782842360883281
P3_B0_R0_G2_O1,no_action,9.837600550502927
P3_B0_R0_G2_O2,no_action,9.26004914301424
P3_B0_R0_G3_O0,adaptive_feed,9.925533443225053
P3_B0_R0_G3_O1,no_action,10.114564595538795
P3_B0_R0_G3_O2,adaptive_feed,9.218945449815287
P3_B0_R1_G0_O0,perfusion_rescue,9.13828732428262
P3_B0_R1_G0_O1,no_action,8.714543428107389
P3_B0_R1_G0_O2,adaptive_feed,6.861823470437542
P3_B0_R1_G1_O0,no_action,9.242177008312844
P3_B0_R1_G1_O1,no_action,8.860248783241987
P3_B0_R1_G1_O2,adaptive_feed,2.811315614883967
P3_B0_R1_G2_O0,perfusion_rescue,9.348781484019637
P3_B0_R1_G2_O1,no_action,9.667926605314682
P3_B0_R1_G2_O2,no_action,8.244910625892375
P3_B0_R1_G2_O3,adaptive_feed,8.434235703261143
P3_B0_R1_G3_O0,adaptive_feed,9.695114787809931
P3_B0_R1_G3_O1,stress_mitigation,9.808705439871684
P3_B0_R1_G3_O2,adaptive_feed,8.498400519090142
P3_B0_R1_G3_O3,no_action,0.0
P3_B0_R2_G0_O1,no_action,8.429544734416522
P3_B0_R2_G1_O1,no_action,8.91804879597079
P3_B1_R0_G0_O1,mild_temp_shift,9.197827344219393
P3_B1_R0_G0_O2,adaptive_feed,8.24792261746479
P3_B1_R0_G0_O3,adaptive_feed,7.964776176358349
P3_B1_R0_G1_O0,adaptive_feed,9.462589138817382
P3_B1_R0_G1_O1,no_action,9.359652763409796
P3_B1_R0_G1_O2,adaptive_feed,8.447671932098665
P3_B1_R0_G1_O3,no_action,8.59332987362117
P3_B1_R0_G2_O1,adaptive_feed,9.578912023240216
P3_B1_R0_G2_O2,no_action,8.752424144572693
P3_B1_R0_G2_O3,no_action,8.198807236431488
P3_B1_R0_G3_O0,stress_mitigation,9.84037494130784
P3_B1_R0_G3_O1,no_action,9.988651342786486
P3_B1_R0_G3_O2,adaptive_feed,9.204922562660133
P3_B1_R1_G0_O0,no_action,0.0
P3_B1_R1_G0_O1,mild_temp_shift,8.374281084318664
P3_B1_R1_G0_O2,mild_temp_shift,8.045042550342755
P3_B1_R1_G0_O3,adaptive_feed,7.249604006397359
P3_B1_R1_G1_O1,adaptive_feed,8.834560039803735
P3_B1_R1_G1_O2,no_action,8.213229550842462
P3_B1_R1_G1_O3,no_action,8.02765849760794
P3_B1_R1_G2_O0,perfusion_rescue,9.205280228535702
P3_B1_R1_G2_O1,no_action,9.528164746283307
P3_B1_R1_G2_O2,no_action,8.3265498792748
P3_B1_R1_G2_O3,no_action,7.898587153415717
P3_B1_R1_G3_O0,adaptive_feed,9.6810736053568
P3_B1_R1_G3_O1,mild_temp_shift,9.842517186387587
P3_B1_R1_G3_O2,no_action,8.704113868615597
P3_B1_R1_G3_O3,no_action,7.180983372702014
P3_B1_R2_G0_O0,perfusion_rescue,7.959063856000014
P3_B1_R2_G0_O1,adaptive_feed,7.715134327371982
P3_B1_R2_G0_O2,mild_temp_shift,7.672710673336201
P3_B1_R2_G1_O2,adaptive_feed,6.594572412232333
P3_B1_R2_G1_O3,adaptive_feed,6.197796983850601
P3_B1_R2_G2_O0,perfusion_rescue,9.021751295971036
P3_B1_R2_G2_O1,perfusion_rescue,8.782141010185764
P3_B1_R2_G2_O2,adaptive_feed,8.00492818790037
P3_B1_R2_G2_O3,adaptive_feed,6.7481660734747475
P3_B1_R2_G3_O1,adaptive_feed,8.953477416849282
P3_B1_R2_G3_O2,adaptive_feed,7.601025875999061
P3_B1_R2_G3_O3,adaptive_feed,6.985925084975359
P3_B1_R3_G0_O3,adaptive_feed,2.585480426229313
P3_B1_R3_G3_O3,no_action,0.0
P3_B2_R0_G0_O0,adaptive_feed,8.556642866072355
P3_B2_R0_G0_O1,adaptive_feed,8.992707186136045
P3_B2_R0_G0_O2,mild_temp_shift,8.173295027053383
P3_B2_R0_G1_O2,adaptive_feed,8.377739587633855
P3_B2_R0_G1_O3,no_action,8.413367864249969
P3_B2_R0_G2_O3,perfusion_rescue,7.898912610823578
P3_B2_R0_G3_O3,adaptive_feed,7.229124255153876
P3_B2_R1_G0_O0,perfusion_rescue,0.86612343506273
P3_B2_R1_G0_O1,adaptive_feed,7.263191315246906
P3_B2_R1_G0_O2,adaptive_feed,7.0084838810804015
P3_B2_R1_G0_O3,perfusion_rescue,7.749526171721021
P3_B2_R1_G1_O2,adaptive_feed,7.375740596428506
P3_B2_R1_G1_O3,perfusion_rescue,7.609293184119407
P3_B2_R1_G2_O1,adaptive_feed,9.313439599457523
P3_B2_R1_G2_O2,adaptive_feed,7.382189627743837
P3_B2_R1_G2_O3,no_action,7.711125255059351
P3_B2_R1_G3_O2,adaptive_feed,7.403011296969154
P3_B2_R1_G3_O3,perfusion_rescue,7.3890701172896565
P3_B2_R2_G0_O2,mild_temp_shift,7.047217212389068
P3_B2_R2_G0_O3,adaptive_feed,6.737432964447904
P3_B2_R2_G1_O2,adaptive_feed,6.680317155947143
P3_B2_R2_G1_O3,perfusion_rescue,6.84624263070616
P3_B2_R2_G2_O1,perfusion_rescue,8.460412939928844
P3_B2_R2_G2_O2,perfusion_rescue,8.056674428898207
P3_B2_R2_G2_O3,adaptive_feed,6.777602616084083
P3_B2_R2_G3_O2,adaptive_feed,7.281279848749111
P3_B2_R2_G3_O3,perfusion_rescue,7.224012796094196
P3_B2_R3_G0_O1,perfusion_rescue,7.407255262906936
P3_B2_R3_G0_O2,adaptive_feed,4.982825300029089
P3_B2_R3_G0_O3,adaptive_feed,3.787787438777534
P3_B2_R3_G1_O2,adaptive_feed,6.387766774562434
P3_B2_R3_G1_O3,stress_mitigation,7.086587404258625
P3_B2_R3_G2_O2,adaptive_feed,6.46580270353781
P3_B2_R3_G2_O3,adaptive_feed,6.360706658426894
P3_B2_R3_G3_O3,adaptive_feed,5.927463200548066
P3_B3_R1_G0_O1,perfusion_rescue,1.3192586478754416
P3_B3_R1_G0_O3,adaptive_feed,6.256436200265863
P3_B3_R1_G1_O2,no_action,7.074380688041424
P3_B3_R1_G1_O3,perfusion_rescue,7.385019252132033
P3_B3_R1_G2_O2,stress_mitigation,7.237952209482275
P3_B3_R1_G2_O3,perfusion_rescue,7.3549776738394295
P3_B3_R2_G0_O2,no_action,6.654748997169869
P3_B3_R2_G0_O3,mild_temp_shift,6.901582162190853
P3_B3_R2_G1_O2,stress_mitigation,6.777326743441106
P3_B3_R2_G1_O3,perfusion_rescue,6.8911720808527415
P3_B3_R2_G2_O2,no_action,7.486130208830382
P3_B3_R2_G2_O3,perfusion_rescue,7.12050438341151
P3_B3_R2_G3_O3,no_action,7.082013583744143
P3_B3_R3_G0_O1,no_action,0.0
P3_B3_R3_G0_O2,perfusion_rescue,3.571956713818723
P3_B3_R3_G0_O3,mild_temp_shift,6.557296232586732
P3_B3_R3_G1_O2,adaptive_feed,6.340064026343367
P3_B3_R3_G1_O3,perfusion_rescue,6.690796369991263
P3_B3_R3_G2_O2,adaptive_feed,6.366056327851144
P3_B3_R3_G2_O3,perfusion_rescue,6.618670316657361
P3_B3_R3_G3_O3,adaptive_feed,5.922343413871091
